<?xml version="1.0" encoding="UTF-8"?>
<project-private xmlns="http://www.netbeans.org/ns/project-private/1">
    <editor-bookmarks xmlns="http://www.netbeans.org/ns/editor-bookmarks/2" lastBookmarkId="0"/>
    <open-files xmlns="http://www.netbeans.org/ns/projectui-open-files/2">
        <group>
            <file>file:/C:/wamp/www/cadastro.php</file>
            <file>file:/C:/wamp/www/trabalho/include/inc_cadastro.php</file>
            <file>file:/C:/wamp/www/trabalho/document/produtos.xml</file>
            <file>file:/C:/wamp/www/trabalho/include/inc_head.php</file>
            <file>file:/C:/wamp/www/trabalho/style/main.css</file>
        </group>
    </open-files>
</project-private>
